frame,time_sec,temperature_c,x_true_px,kappa_true_px_inv,anchor_x,anchor_y,tip_x,tip_y,x_recovery_true,kappa_recovery_true
0,0.0,20.0,349.7055109546654,0.0044999938992404285,585.0,32.0,311.0665280615355,249.380765809218,0.0,0.0
1,0.05,20.09394572025052,349.7055175583493,0.004499993605833583,585.0,32.0,311.0665356448989,249.38078598893125,1.2506202732723009e-07,6.594234996042025e-08
2,0.1,20.187891440501044,349.70552447962655,0.004499993298315796,585.0,32.0,311.06654359297426,249.3808071391557,2.561387074757316e-07,1.35056093514828e-07
3,0.15,20.281837160751564,349.70553173377147,0.00449999297600843,585.0,32.0,311.06655192330123,249.38082930656606,3.935193092431911e-07,2.074937529368615e-07
4,0.2,20.37578288100209,349.70553933679236,0.004499992638200204,585.0,32.0,311.06656065426444,249.38085254008232,5.37507001366321e-07,2.8341518617709785e-07
5,0.25,20.46972860125261,349.7055473054678,0.004499992284145632,585.0,32.0,311.0665698051318,249.38087689097688,6.884195404128238e-07,3.6298793930927866e-07
6,0.3,20.563674321503132,349.70555565738334,0.004499991913063373,585.0,32.0,311.06657939609806,249.38090241298798,8.465899651324349e-07,4.463876163259345e-07
7,0.35,20.657620041753653,349.70556441097034,0.004499991524134513,585.0,32.0,311.0665894483292,249.38092916243846,1.012367332791983e-06,5.337982660884722e-07
8,0.4,20.751565762004176,349.7055735855458,0.004499991116500752,585.0,32.0,311.06659998400954,249.3809571983593,1.1861174727346616e-06,6.254127887709685e-07
9,0.45,20.845511482254697,349.70558320135723,0.00449999068926251,585.0,32.0,311.0666110263895,249.38098658262183,1.3682238379020067e-06,7.214333625774203e-07
10,0.5,20.93945720250522,349.7055932796241,0.004499990241476946,585.0,32.0,311.0666225998386,249.38101738007077,1.5590882863825123e-06,8.220718881982674e-07
11,0.55,21.03340292275574,349.7056038425879,0.004499989772155876,585.0,32.0,311.06663472989794,249.38104965867163,1.759132031972827e-06,9.275504572441749e-07
12,0.6,21.127348643006265,349.7056149135587,0.00449998928026359,585.0,32.0,311.06664744333693,249.3810834896568,1.9687965269186144e-06,1.0381018425127694e-06
13,0.65,21.221294363256785,349.70562651696844,0.004499988764714567,585.0,32.0,311.06666076821244,249.38111894768556,2.188544468454439e-06,1.1539700120376954e-06
14,0.7,21.315240083507305,349.7056386784233,0.004499988224371082,585.0,32.0,311.0666747339312,249.38115611100727,2.4188607924254895e-06,1.2754106657503741e-06
15,0.75,21.40918580375783,349.7056514247613,0.004499987658040695,585.0,32.0,311.0666893713138,249.38119506163451,2.6602537616424733e-06,1.4026918015772586e-06
16,0.8,21.50313152400835,349.70566478411143,0.004499987064473617,585.0,32.0,311.0667047126629,249.3812358855242,2.9132560908379543e-06,1.5360943059042233e-06
17,0.85,21.597077244258873,349.70567878595494,0.004499986442359952,585.0,32.0,311.0667207918354,249.38127867276714,3.178426101765069e-06,1.675912574061264e-06
18,0.9,21.691022964509393,349.70569346119095,0.00449998579032681,585.0,32.0,311.06673764431605,249.38132351778629,3.456348968723349e-06,1.8224551590730701e-06
19,0.95,21.784968684759917,349.7057088422048,0.004499985106935276,585.0,32.0,311.0667553072963,249.38137051954618,3.747638012527642e-06,1.9760454529640916e-06
20,1.0,21.878914405010438,349.70572496293937,0.004499984390677234,585.0,32.0,311.0667738197562,249.38141978177063,4.052936051532238e-06,2.13702240081303e-06
21,1.05,21.97286012526096,349.7057418589695,0.004499983639972037,585.0,32.0,311.06679322255076,249.3814714131713,4.3729168086336764e-06,2.305741248141573e-06
22,1.1,22.06680584551148,349.70575956758137,0.004499982853163024,585.0,32.0,311.0668135584999,249.38152552768912,4.7082864194658066e-06,2.482574324951293e-06
23,1.15,22.160751565762006,349.705778127854,0.004499982028513861,585.0,32.0,311.0668348724828,249.3815822447436,5.059784969660704e-06,2.667911867383408e-06
24,1.2,22.254697286012526,349.70579758074587,0.004499981164204709,585.0,32.0,311.0668572115369,249.38164168949754,5.428188140837414e-06,2.8621628789507586e-06
25,1.25,22.348643006263046,349.7058179691853,0.004499980258328209,585.0,32.0,311.06688062496227,249.3817039931335,5.814308919028485e-06,3.065756033096454e-06
26,1.3,22.44258872651357,349.70583933816465,0.004499979308885276,585.0,32.0,311.0669051644303,249.3817692931424,6.218999378462406e-06,3.2791406186386656e-06
27,1.35,22.536534446764094,349.70586173484065,0.004499978313780685,585.0,32.0,311.0669308840964,249.38183773362732,6.643152584839028e-06,3.5027875312205745e-06
28,1.4,22.630480167014614,349.70588520863754,0.0044999772708184445,585.0,32.0,311.06695784072167,249.3819094656219,7.087704544895053e-06,3.737190313884458e-06
29,1.45,22.724425887265134,349.70590981135626,0.004499976177696959,585.0,32.0,311.0669860937965,249.3819846474223,7.553636276539007e-06,3.982866243455992e-06
30,1.5,22.818371607515658,349.70593559728894,0.004499975032003941,585.0,32.0,311.0670157056733,249.38206344493875,8.041975975872393e-06,4.240357474629919e-06
31,1.55,22.91231732776618,349.7059626233391,0.0044999738312110965,585.0,32.0,311.067046741702,249.38214603205876,8.553801294015221e-06,4.510232234349492e-06
32,1.6,23.006263048016702,349.705990949146,0.004499972572668542,585.0,32.0,311.0670792703767,249.3822325910333,9.090241693593488e-06,4.79308607642146e-06
33,1.65,23.100208768267223,349.70602063721776,0.004499971253598954,585.0,32.0,311.0671133634852,249.3823233128777,9.652480966703668e-06,5.089543196171685e-06
34,1.7,23.194154488517746,349.70605175306804,0.0044999698710914485,585.0,32.0,311.0671490962681,249.38241839779337,1.0241759825003576e-05,5.400257806505924e-06
35,1.75,23.288100208768267,349.70608436536116,0.004499968422095151,585.0,32.0,311.0671865475847,249.3825180556094,1.0859378649127199e-05,5.725915582783407e-06
36,1.8,23.38204592901879,349.7061185460634,0.0044999669034124735,585.0,32.0,311.06722580008704,249.38262250624555,1.1506700352209931e-05,6.067235173969015e-06
37,1.85,23.47599164926931,349.706154370602,0.004499965311692045,585.0,32.0,311.06726694040253,249.38273198019812,1.2185153391972629e-05,6.424969790785601e-06
38,1.9,23.569937369519835,349.7061919180317,0.004499963643421331,585.0,32.0,311.0673100593246,249.38284671904782,1.289623492490543e-05,6.7999088656031546e-06
39,1.95,23.663883089770355,349.7062312712086,0.004499961894918877,585.0,32.0,311.0673552520135,249.38296697599247,1.3641514097168731e-05,7.19287979459141e-06
40,2.0,23.757828810020875,349.706272516973,0.004499960062326182,585.0,32.0,311.0674026182069,249.38309301640695,1.4422635510965851e-05,7.604749764865018e-06
41,2.05,23.8517745302714,349.7063157463416,0.004499958141599195,585.0,32.0,311.06745226243913,249.38322511842742,1.5241322859928256e-05,8.036427665451659e-06
42,2.1,23.94572025052192,349.706361054708,0.004499956128499383,585.0,32.0,311.0675042942717,249.38336357356553,1.6099382729207315e-05,8.488866094364127e-06
43,2.15,24.039665970772443,349.7064085420533,0.00449995401858438,585.0,32.0,311.06755882853616,249.38350868735182,1.6998708582879355e-05,8.963063460801716e-06
44,2.2,24.133611691022963,349.7064583131661,0.004499951807198195,585.0,32.0,311.06761598558677,249.38366078000945,1.794128493112846e-05,9.460066185404946e-06
45,2.25,24.227557411273487,349.7065104778739,0.004499949489460926,585.0,32.0,311.0676758915668,249.38382018716032,1.892919171165534e-05,9.980971012014284e-06
46,2.3,24.321503131524008,349.70656515128616,0.004499947060258004,585.0,32.0,311.06773867868617,249.3839872605666,1.99646088917715e-05,1.052692742566959e-05
47,2.35,24.41544885177453,349.7066224540473,0.004499944514228903,585.0,32.0,311.0678044855137,249.38416236890586,2.1049821263189187e-05,1.1099140189131291e-05
48,2.4,24.50939457202505,349.70668251260327,0.004499941845755317,585.0,32.0,311.06787345728304,249.38434589858485,2.2187223486562508e-05,1.1698872000652411e-05
49,2.45,24.603340292275576,349.70674545947963,0.004499939048948762,585.0,32.0,311.06794574621335,249.38453825459104,2.337932536101973e-05,1.2327446280019196e-05
50,2.5,24.697286012526096,349.70681143357626,0.004499936117637586,585.0,32.0,311.0680215118445,249.38473986138862,2.4628757402654932e-05,1.2986250088708449e-05
51,2.55,24.791231732776616,349.70688058047034,0.004499933045353355,585.0,32.0,311.06810092139057,249.38495116385099,2.5938276584496637e-05,1.3676737188450186e-05
52,2.6,24.88517745302714,349.70695305274046,0.00449992982531658,585.0,32.0,311.0681841501077,249.38517262824595,2.7310772473709806e-05,1.4400431250281693e-05
53,2.65,24.979123173277664,349.7070290103012,0.004499926450421763,585.0,32.0,311.0682713816819,249.38540474326183,2.874927356795282e-05,1.5158929214287978e-05
54,2.7,25.073068893528184,349.7071086207575,0.004499922913221722,585.0,32.0,311.06836280863314,249.3856480210863,3.025695400636104e-05,1.5953904813479185e-05
55,2.75,25.167014613778704,349.7071920597724,0.004499919205911163,585.0,32.0,311.06845863274253,249.38590299853632,3.1837140535664025e-05,1.6787112265508878e-05
56,2.8,25.260960334029228,349.70727951145636,0.004499915320309457,585.0,32.0,311.06855906549566,249.38617023824224,3.34933198789187e-05,1.7660390143149585e-05
57,2.85,25.35490605427975,349.7073711687719,0.004499911247842601,585.0,32.0,311.0686643285508,249.38645032988836,3.52291464035132e-05,1.8575665429178824e-05
58,2.9,25.448851774530272,349.7074672339605,0.004499906979524302,585.0,32.0,311.0687746542271,249.38674389151453,3.704845020362829e-05,1.9534957767371827e-05
59,2.95,25.542797494780793,349.7075679189872,0.004499902505936154,585.0,32.0,311.0688902860185,249.38705157087819,3.895524552072404e-05,2.0540383917203495e-05
60,3.0,25.636743215031316,349.70767344600876,0.004499897817206865,585.0,32.0,311.069011479131,249.38737404688393,4.095373960754982e-05,2.1594162423760877e-05
61,3.05,25.730688935281837,349.70778404786415,0.004499892902990479,585.0,32.0,311.0691385010455,249.38771203108092,4.304834202060666e-05,2.2698618510663678e-05
62,3.1,25.824634655532357,349.70789996858673,0.004499887752443566,585.0,32.0,311.0692716321089,249.38806626923133,4.524367431737858e-05,2.3856189208273798e-05
63,3.15,25.91858037578288,349.7080214639433,0.004499882354201294,585.0,32.0,311.0694111661531,249.38843754295615,4.75445802659842e-05,2.506942872966988e-05
64,3.2,26.012526096033405,349.7081488019982,0.004499876696352372,585.0,32.0,311.0695574111429,249.38882667145842,4.9956136529570677e-05,2.634101410374388e-05
65,3.25,26.106471816283925,349.7082822637033,0.004499870766412775,585.0,32.0,311.0697106898571,249.38923451332965,5.248366383513867e-05,2.7673751079455077e-05
66,3.3,26.200417536534445,349.7084221435188,0.004499864551298213,585.0,32.0,311.06987134060006,249.3896619684435,5.513273873552604e-05,2.9070580313327673e-05
67,3.35,26.29436325678497,349.7085687500611,0.004499858037295279,585.0,32.0,311.0700397179497,249.39010997994032,5.790920587627626e-05,3.053458385461728e-05
68,3.4,26.38830897703549,349.7087224067843,0.004499851210031199,585.0,32.0,311.07021619353895,249.3905795363057,6.08191909041088e-05,3.2068991942961546e-05
69,3.45,26.482254697286013,349.70888345269253,0.0044998440544421455,585.0,32.0,311.0704011568784,249.3910716735519,6.386911395240048e-05,3.3677190130795923e-05
70,3.5,26.576200417536533,349.7090522430878,0.004499836554740015,585.0,32.0,311.0705950162144,249.39158747750085,6.706570381025286e-05,3.5362726749053675e-05
71,3.55,26.670146137787057,349.7092291503528,0.004499828694377615,585.0,32.0,311.0707981994315,249.39212808617847,7.04160127439266e-05,3.712932073213482e-05
72,3.6,26.764091858037578,349.70941456477215,0.004499820456012183,585.0,32.0,311.0710111549967,249.39269469232337,7.392743204815178e-05,3.898086981637455e-05
73,3.65,26.8580375782881,349.7096088953912,0.004499811821467139,585.0,32.0,311.0712343529511,249.39328854601663,7.760770831654911e-05,4.092145913579344e-05
74,3.7,26.95198329853862,349.70981257092,0.00449980277169202,585.0,32.0,311.07146828594625,249.39391095743835,8.146496055280797e-05,4.2955370227995184e-05
75,3.75,27.045929018789145,349.71002604067604,0.004499793286720473,585.0,32.0,311.07171347033295,249.39456329975448,8.550769803219415e-05,4.508709047340948e-05
76,3.8,27.139874739039666,349.7102497755746,0.004499783345626244,585.0,32.0,311.0719704473019,249.39524701214364,8.974483905225762e-05,4.732132298795853e-05
77,3.85,27.233820459290186,349.71048426916764,0.004499772926477041,585.0,32.0,311.0722397840781,249.3959636029706,9.418573060934156e-05,4.966299699156496e-05
78,3.9,27.32776617954071,349.7107300387293,0.004499762006286192,585.0,32.0,311.0725220751747,249.3967146531091,9.884016895567934e-05,5.2117278672969475e-05
79,3.95,27.421711899791234,349.710987626398,0.0044997505609619785,585.0,32.0,311.0728179437044,249.39750181942702,0.00010371842122762216,5.468958257717485e-05
80,4.0,27.515657620041754,349.7112576003684,0.0044997385652545295,585.0,32.0,311.0731280427582,249.3983268384375,0.00010883124802335125,5.738558354046811e-05
81,4.05,27.609603340292274,349.71154055614375,0.0044997259927001786,585.0,32.0,311.0734530568465,249.39919153012434,0.00011418992711308222,6.021122919621852e-05
82,4.1,27.703549060542798,349.711837117849,0.004499712815563138,585.0,32.0,311.0737937034101,249.40009780195368,0.00011980627831405653,6.317275308342092e-05
83,4.15,27.79749478079332,349.7121479396024,0.004499699004774386,585.0,32.0,311.0741507344082,249.4010476530751,0.00012569268946357665,6.627668838176689e-05
84,4.2,27.891440501043842,349.71247370695903,0.0044996845298676,585.0,32.0,311.07452493797626,249.40204317872713,0.00013186214375383032,6.952988231008666e-05
85,4.25,27.985386221294362,349.712815138418,0.00449966935891204,585.0,32.0,311.0749171401701,249.4030865748521,0.00013832824828102183,7.293951121077475e-05
86,4.3,28.079331941544886,349.71317298700575,0.0044996534584421976,585.0,32.0,311.07532820678904,249.4041801429334,0.0001451052640251894,7.651309636152559e-05
87,4.35,28.173277661795407,349.71354804193345,0.004499636793384064,585.0,32.0,311.0757590452895,249.4053262950643,0.00015220813724348454,8.025852054537456e-05
88,4.4,28.267223382045927,349.71394113033324,0.004499619326977875,585.0,32.0,311.076210606791,249.4065275592595,0.0001596525323468864,8.418404541413284e-05
89,4.45,28.36116910229645,349.7143531190803,0.004499601020697144,585.0,32.0,311.07668388817655,249.40778658502276,0.00016745486640891042,8.829832968576297e-05
90,4.5,28.455114822546975,349.7147849166991,0.0044995818341638065,585.0,32.0,311.07717993429713,249.40910614918062,0.00017563234526863318,9.261044821487763e-05
91,4.55,28.549060542797495,349.7152374753634,0.004499561725059298,585.0,32.0,311.07769984027993,249.4104891619952,0.0001842030014013517,9.712991197768827e-05
92,4.6,28.643006263048015,349.7157117929901,0.0044995406490313744,585.0,32.0,311.07824475394955,249.4119386735708,0.00019318573357948447,0.00010186668901448456
93,4.65,28.73695198329854,349.716208915435,0.004499518559596456,585.0,32.0,311.07881587836454,249.4134578805674,0.0002026003484518191,0.00010683122637681948
94,4.7,28.830897703549063,349.7167299387928,0.004499495408037291,585.0,32.0,311.07941447447786,249.41505013323632,0.0002124676041013912,0.0001120344731279395
95,4.75,28.924843423799583,349.71727601180726,0.004499471143295724,585.0,32.0,311.08004186392327,249.4167189427909,0.0002228092556917991,0.00011748790444207498
96,4.8,29.018789144050103,349.7178483383969,0.004499445711860312,585.0,32.0,311.08069943193857,249.4184679891338,0.0002336481032988402,0.00012320354686321626
97,4.85,29.112734864300627,349.7184481803013,0.004499419057648564,585.0,32.0,311.0813886304282,249.42030112895065,0.0002450080420265088,0.00012919400477113505
98,4.9,29.206680584551147,349.71907685985394,0.004499391121883534,585.0,32.0,311.0821109811743,249.42222240419383,0.0002569141145171591,0.00013547248811625126
99,4.95,29.300626304801668,349.7197357628879,0.004499361842964514,585.0,32.0,311.08286807920143,249.42423605097014,0.00026939256598609184,0.00014205284148163132
100,5.0,29.39457202505219,349.7204263417805,0.004499331156331516,585.0,32.0,311.08366159630555,249.42634650885688,0.0002824709018752977,0.0001489495745399563
101,5.05,29.488517745302715,349.7211501186436,0.004499298994323289,585.0,32.0,311.084493284751,249.42855843066064,0.0002961779482759926,0.00015617789396413562
102,5.1,29.582463465553236,349.7219086886644,0.004499265286028519,585.0,32.0,311.0853649811485,249.43087669264435,0.0003105439151974546,0.0001637537368693466
103,5.15,29.676409185803756,349.7227037236094,0.004499229957129917,585.0,32.0,311.0862786105173,249.43330640524312,0.00032560046292222323,0.00017169380585375262
104,5.2,29.77035490605428,349.72353697549204,0.0044991929297408546,585.0,32.0,311.0872361905465,249.43585292429324,0.0003413807714691937,0.0001800156057147059
105,5.25,29.864300626304804,349.72441028041794,0.004499154122234167,585.0,32.0,311.0882398360589,249.4385218627962,0.0003579196134132785,0.00018873748192386693
106,5.3,29.958246346555324,349.72532556261206,0.004499113449062792,585.0,32.0,311.0892917636933,249.44131910324654,0.00037525343015206504,0.00019787866093921627
107,5.35,30.052192066805844,349.72628483863815,0.004499070820571813,585.0,32.0,311.0903942968113,249.44425081054678,0.0003934204118164702,0.00020745929244694335
108,5.4,30.146137787056368,349.72729022182114,0.004499026142801536,585.0,32.0,311.0915498706402,249.44732344554149,0.00041246058102131804,0.0002175004936195691
109,5.45,30.24008350730689,349.72834392687605,0.004498979317281147,585.0,32.0,311.09276103766837,249.45054377919473,0.00043241588053011915,0.0002280243954912806
110,5.5,30.33402922755741,349.72944827476255,0.0044989302408125174,585.0,32.0,311.0940304732955,249.45391890744537,0.0004533302651903785,0.00023905419154638581
111,5.55,30.427974947807932,349.7306056977669,0.004498878805243692,585.0,32.0,311.09536098176096,249.45745626677203,0.0004752497981781856,0.0002506141886279097
112,5.6,30.521920668058456,349.73181874482697,0.004498824897231553,585.0,32.0,311.0967555023558,249.46116365049699,0.0004982227518416693,0.0002627298602772503
113,5.65,30.615866388308977,349.73309008711067,0.004498768397993174,585.0,32.0,311.0982171159372,249.46504922587164,0.0005222997133510843,0.00027542790261795885
114,5.7,30.709812108559497,349.73442252385865,0.004498709183045307,585.0,32.0,311.09974905175596,249.46912155197074,0.0005475336953449952,0.0002887362929041143
115,5.75,30.80375782881002,349.73581898850597,0.004498647121931452,585.0,32.0,311.10135469461574,249.47338959844333,0.000573980251865371,0.00030268435086136677
116,5.8,30.897703549060545,349.7372825550927,0.00449858207793591,585.0,32.0,311.10303759237877,249.47786276515328,0.000601697599763519,0.00031730280295184167
117,5.85,30.991649269311065,349.73881644498016,0.004498513907784243,585.0,32.0,311.1048014638333,249.48255090275487,0.0006307467458933544,0.00033262384969663227
118,5.9,31.085594989561585,349.74042403388484,0.004498442461329436,585.0,32.0,311.1066502069446,249.4874643342475,0.0006611916203202258,0.00034868123620773587
119,5.95,31.17954070981211,349.74210885924475,0.004498367581223152,585.0,32.0,311.1085879075037,249.49261387755266,0.00069309921582842,0.0003655103260742724
120,6.0,31.273486430062633,349.74387462793715,0.0044982891025713385,585.0,32.0,311.1106188481952,249.49801086916543,0.0007265397340793648,0.0003831481787632231
121,6.05,31.367432150313153,349.7457252243575,0.004498206852573464,585.0,32.0,311.1127475181063,249.50366718892624,0.0007615867386143038,0.00040163363070019187
122,6.1,31.461377870563673,349.7476647188847,0.0044981206501446165,585.0,32.0,311.1149786226949,249.50959528597008,0.0007983173151697257,0.0004210073802017325
123,6.15,31.555323590814197,349.7496973767416,0.0044980303055196505,585.0,32.0,311.11731709424305,249.5158082059024,0.000836812239478866,0.00044131207644170433
124,6.2,31.649269311064717,349.7518276672778,0.004497935619838564,585.0,32.0,311.1197681028158,249.52231961926518,0.0008771561530738561,0.00046259241263723553
125,6.25,31.743215031315238,349.7540602736873,0.0044978363847121994,585.0,32.0,311.1223370677538,249.52914385134926,0.0009194377473199681,0.0004848952236558589
126,6.3,31.83716075156576,349.75640010318466,0.004497732381767367,585.0,32.0,311.1250296697234,249.5362959134156,0.0009637499561319398,0.00050826958824792
127,6.35,31.931106471816285,349.75885229765953,0.004497623382170429,585.0,32.0,311.1278518633525,249.54379153539224,0.0010101901577534644,0.0005327669361192723
128,6.4,32.02505219206681,349.7614222448339,0.004497509146128345,585.0,32.0,311.130809890479,249.55164720011663,0.001058860386056287,0.0005584411600705823
129,6.45,32.118997912317326,349.7641155899389,0.004497389422366108,585.0,32.0,311.1339102940477,249.5598801791899,0.0011098675516764784,0.0005853487334412621
130,6.5,32.21294363256785,349.7669382479445,0.004497263947579516,585.0,32.0,311.13715993267886,249.56850857052424,0.0011633236736241078,0.0006135488330983862
131,6.55,32.306889352818374,349.76989641635714,0.004497132445862096,585.0,32.0,311.14056599594886,249.57755133765514,0.0012193461216483575,0.0006431034682329797
132,6.6,32.40083507306889,349.7729965886184,0.004496994628105007,585.0,32.0,311.14413602041503,249.58702835090318,0.0012780578699824602,0.0006740776152309349
133,6.65,32.494780793319414,349.77624556812964,0.004496850191368676,585.0,32.0,311.14787790642066,249.59696043047074,0.0013395877629464297,0.0007065393588951732
134,6.7,32.58872651356994,349.7796504829281,0.004496698818224854,585.0,32.0,311.151799935721,249.60736939155797,0.0014040707928877098,0.0007405600403176938
135,6.75,32.682672233820455,349.7832188010505,0.004496540176067738,585.0,32.0,311.15591078996755,249.61827809159635,0.0014716483911379444,0.0007762144117017163
136,6.8,32.77661795407098,349.78695834660596,0.004496373916392746,585.0,32.0,311.16021957009843,249.62971047968966,0.0015424687324067867,0.0008135807984561434
137,6.85,32.8705636743215,349.7908773165993,0.004496199674041458,585.0,32.0,311.1647358166729,249.64169164836883,0.0016166870533856823,0.0008527412688921804
138,6.9,32.964509394572026,349.79498429853044,0.004496017066411183,585.0,32.0,311.1694695312022,249.65424788775877,0.0016944659860492885,0.0008937818118712435
139,6.95,33.05845511482255,349.7992882888103,0.004495825692627532,585.0,32.0,311.1744311985252,249.6674067422751,0.0017759759064177767,0.0009367925227661534
140,7.0,33.15240083507307,349.80379871202337,0.004495625132678353,585.0,32.0,311.1796318102781,249.68119706995114,0.0018613952993570284,0.0009818677981077507
141,7.05,33.24634655532359,349.8085254410807,0.004495414946507228,585.0,32.0,311.1850828895165,249.69564910452902,0.0019509111402424121,0.0010291065393183078
142,7.1,33.340292275574114,349.813478818296,0.004495194673064756,585.0,32.0,311.1907965165448,249.71079452042395,0.0020447192940997523,0.0010786123659329186
143,7.15,33.43423799582463,349.81866967743076,0.0044949638293156945,585.0,32.0,311.1967853560143,249.72666650069968,0.00214302493310085,0.0011304938387416239
144,7.2,33.528183716075155,349.8241093667457,0.004494721909200002,585.0,32.0,311.203062685352,249.7432998081814,0.0022460429731186674,0.0011848646932924444
145,7.25,33.62212943632568,349.82980977310336,0.004494468382545713,585.0,32.0,311.20964242459155,249.76073085984913,0.0023539985301872478,0.0012418440842192672
146,7.3,33.7160751565762,349.83578334716907,0.004494202693931505,585.0,32.0,311.2165391676698,249.7789978046536,0.0024671273977609426,0.0013015568408766694
147,7.35,33.81002087682673,349.84204312975425,0.004493924261496744,585.0,32.0,311.22376821526774,249.7981406049037,0.0025856765456126344,0.001364133734779349
148,7.4,33.90396659707724,349.8486027793511,0.004493632475696681,585.0,32.0,311.2313456092727,249.81820112138175,0.0027099046412902934,0.0014297117593674274
149,7.45,33.99791231732777,349.8554766009094,0.004493326698000393,585.0,32.0,311.2392881689419,249.83922320234674,0.002840082595098579,0.0014984344226405238
150,7.5,34.09185803757829,349.86267957590456,0.004493006259528993,585.0,32.0,311.24761352885713,249.86125277659195,0.0029764941295334383,0.0015704520532171448
151,7.55,34.18580375782881,349.87022739375584,0.004492670459631472,585.0,32.0,311.25634017875643,249.88433795073405,0.003119436374289278,0.001645922120408684
152,7.6,34.27974947807933,349.87813648464237,0.004492318564395534,585.0,32.0,311.2654875053424,249.90852911090508,0.0032692204877343687,0.0017250095689059068
153,7.65,34.373695198329855,349.88642405378016,0.004491949805090595,585.0,32.0,311.2750758361656,249.93387902904124,0.003426172306056941,0.001807887168710681
154,7.7,34.46764091858037,349.8951081172142,0.004491563376540058,585.0,32.0,311.2851264856911,249.96044297395545,0.003590633021103594,0.0018947358809617092
155,7.75,34.561586638830896,349.90420753919034,0.004491158435419889,585.0,32.0,311.29566180365447,249.98827882739312,0.003762959888137235,0.0019857452403254272
156,7.8,34.65553235908142,349.9137420711632,0.004490734098480365,585.0,32.0,311.3067052258329,250.0174472052762,0.003943526964575992,0.0020811137546522846
157,7.85,34.74947807933194,349.9237323925089,0.00449028944068781,585.0,32.0,311.31828132734717,250.04801158434597,0.004132725881021069,0.0021810493226173326
158,7.9,34.84342379958247,349.9342001530045,0.004489823493282984,585.0,32.0,311.33041587863113,250.08003843442438,0.004330966645741547,0.002285769670090566
159,7.95,34.937369519832984,349.9451680171417,0.004489335241752714,585.0,32.0,311.3431359042027,250.11359735651484,0.004538678483897207,0.0023955028060083728
160,8.0,35.03131524008351,349.95665971034464,0.00448882362371123,585.0,32.0,311.35646974438214,250.1487612269772,0.0047563107128191446,0.0025104874985357943
161,8.05,35.12526096033403,349.9687000671572,0.00448828752668757,585.0,32.0,311.3704471201108,250.1856063480077,0.004984333654596968,0.002630973772341832
162,8.1,35.21920668058455,349.9813150814749,0.004487725785815295,585.0,32.0,311.3850992010326,250.22421260467374,0.005223239587375251,0.002757223427829348
163,8.15,35.31315240083507,349.9945319588909,0.004487137181420677,585.0,32.0,311.4004586770053,250.26466362874692,0.005473543736697352,0.002889510583182934
164,8.2,35.407098121085596,350.00837917122794,0.004486520436505377,585.0,32.0,311.41655983322494,250.3070469695898,0.0057357853082444085,0.0030281222401289257
165,8.25,35.50104384133611,350.02288651333447,0.004485874214119569,585.0,32.0,311.4334386291466,250.3514542723582,0.006010528563448612,0.0031733588743196733
166,8.3,35.59498956158664,350.03808516221125,0.004485197114621347,585.0,32.0,311.45113278140946,250.3979814637795,0.006298363939249992,0.0033255350512732844
167,8.35,35.68893528183716,350.0540077385512,0.004484487672818142,585.0,32.0,311.4696818509684,250.44672894578034,0.0065999092135501135,0.0034849800688316252
168,8.4,35.782881002087684,350.0706883707604,0.004483744354985825,585.0,32.0,311.4891273346595,250.4978017972308,0.006915810717655565,0.0036520386271091357
169,8.45,35.87682672233821,350.088162761539,0.004482965555761052,585.0,32.0,311.50951276143195,250.551309984087,0.007246744597202237,0.0038270715269289627
170,8.5,35.970772442588725,350.10646825709114,0.004482149594902351,585.0,32.0,311.5308837934944,250.60736857820302,0.007593418122868326,0.004010456397759507
171,8.55,36.06471816283925,350.12564391904175,0.0044812947139153785,585.0,32.0,311.5532883326372,250.66609798510092,0.007956571052351981,0.004202588456178307
172,8.6,36.15866388308977,350.1457305991233,0.004480399072537719,585.0,32.0,311.5767766320067,250.72762418096679,0.008336977044802057,0.004403881295903459
173,8.65,36.25260960334029,350.16677101671075,0.0044794607450785555,585.0,32.0,311.60140141362075,250.7920789591648,0.008735445129196178,0.004614767710442279
174,8.7,36.34655532359081,350.1888098392613,0.0044784777166085015,585.0,32.0,311.62721799193605,250.85960018653478,0.009152821227722159,0.004835700549415167
175,8.75,36.44050104384134,350.21189376572886,0.004477447878994906,585.0,32.0,311.65428440378986,250.93033206975676,0.009589989735504149,0.005067153609610032
176,8.8,36.534446764091854,350.2360716130074,0.004476369026777885,585.0,32.0,311.68266154505875,251.00442543204176,0.01004787515768323,0.005309622561832436
177,8.85,36.628392484342385,350.2613944054592,0.004475238852882427,585.0,32.0,311.7124133143972,251.08203800041613,0.010527443804922553,0.005563625914596691
178,8.9,36.7223382045929,350.2879154675745,0.004474054944161935,585.0,32.0,311.7436067644375,251.16333470384652,0.011029705548219729,0.005829706015703764
179,8.95,36.816283924843425,350.31569051980455,0.0044728147767686315,585.0,32.0,311.77631226085464,251.24848798244759,0.011555715633810212,0.006108430092727838
180,9.0,36.91022964509395,350.3447777776017,0.004471515711346411,585.0,32.0,311.8106036497195,251.33767810799503,0.01210657655881399,0.006400391333409802
181,9.05,37.004175365344466,350.3752380536879,0.0044701549880418094,585.0,32.0,311.84655843359354,251.43109351595152,0.01268344000801749,0.006706210006927687
182,9.1,37.09812108559499,350.40713486356935,0.0044687297213289725,585.0,32.0,311.8842579568344,251.52893114919206,0.013287508852131908,0.0070265346269697965
183,9.15,37.19206680584551,350.4405345342948,0.004467236894644735,585.0,32.0,311.9237876006152,251.63139681358925,0.013920039207483846,0.007362043157485598
184,9.2,37.28601252609603,350.47550631644754,0.004465673354830153,585.0,32.0,311.9652369881826,251.7387055455888,0.014582342556945562,0.00771344426193566
185,9.25,37.379958246346554,350.5121224993448,0.004464035806375196,585.0,32.0,312.0087002009109,251.85108199187815,0.015275787931603177,0.008081478596780019
186,9.3,37.47390396659708,350.5504585293953,0.004462320805463657,585.0,32.0,312.05427600573523,251.96876080120094,0.01600180415224133,0.008466920149867968
187,9.35,37.567849686847595,350.59059313155797,0.004460524753815803,585.0,32.0,312.10206809458157,252.09198702834058,0.01676188212955271,0.008870577624285404
188,9.4,37.661795407098126,350.6326084338066,0.004458643892326763,585.0,32.0,312.1521853364442,252.22101655023073,0.017557577221280093,0.009293295868107527
189,9.45,37.75574112734864,350.67659009449926,0.004456674294499299,585.0,32.0,312.2047420427877,252.35611649410478,0.018390511644364914,0.009735957350366049
190,9.5,37.849686847599166,350.72262743251093,0.004454611859670225,585.0,32.0,312.25985824699694,252.4975656775277,0.0192623769394263,0.010199483683391729
191,9.55,37.94363256784969,350.7708135599588,0.004452452306030545,585.0,32.0,312.31765999862534,252.64565506007617,0.020174936484345204,0.010684837191518025
192,9.6,38.03757828810021,350.8212455173283,0.0044501911634402275,585.0,32.0,312.37827967323165,252.80068820636146,0.021130028053308627,0.01119302252594057
193,9.65,38.13152400835073,350.8740244107567,0.004447823766039519,585.0,32.0,312.4418562986347,252.96298175999118,0.022129566416719385,0.011725088325303236
194,9.7,38.225469728601254,350.92925555119683,0.0044453452446598166,585.0,32.0,312.50853589845656,253.13286592796302,0.02317554597670611,0.012282128921332599
195,9.75,38.31941544885177,350.9870485951447,0.004442750519038314,585.0,32.0,312.57847185385504,253.31068497487783,0.02427004343225683,0.012865286088573989
196,9.8,38.413361169102295,351.047517686557,0.004440034289842044,585.0,32.0,312.65182528439857,253.49679772622846,0.02541522046688279,0.01347575083696515
197,9.85,38.50730688935282,351.1107815995371,0.004437191030508453,585.0,32.0,312.72876544906813,253.69157807988398,0.026613326450837926,0.014114765245644567
198,9.9,38.601252609603335,351.17696388130827,0.004434214978911308,585.0,32.0,312.8094701684122,253.8954155247314,0.027866701148775683,0.014783624336013467
199,9.95,38.695198329853866,351.24619299493355,0.004431100128862662,585.0,32.0,312.89412626892175,254.10871566528093,0.0291777774226133,0.015483677981646219
200,10.0,38.78914405010438,351.318602461166,0.004427840221463607,585.0,32.0,312.98293005072895,254.33190075083735,0.030549083917918926,0.016216332852183685
201,10.05,38.88308977035491,351.3943309987467,0.004424428736318833,585.0,32.0,313.0760877797682,254.56541020765206,0.031983247720908874,0.01698305438783486
202,10.1,38.97703549060543,351.4735226623853,0.004420858882632522,585.0,32.0,313.17381620557154,254.80970117224217,0.03348299697155324,0.017785368800550917
203,10.15,39.07098121085595,351.5563269775673,0.004417123590205758,585.0,32.0,313.27634310590264,255.06524902381608,0.03505116341658632,0.01862486509733031
204,10.2,39.16492693110647,351.6428990712467,0.004413215500358674,585.0,32.0,313.38390785945705,255.33254791348944,0.0366906848845892,0.019503197120440498
205,10.25,39.258872651356995,351.733399797375,0.004409126956803743,585.0,32.0,313.4967620478765,255.61211128767738,0.03840460766329385,0.020422085598620052
206,10.3,39.35281837160751,351.82799585612315,0.004404849996500137,585.0,32.0,313.6151700883364,255.9044724027495,0.04019608875742643,0.021383320202535538
207,10.35,39.446764091858036,351.9268599055181,0.004400376340522876,585.0,32.0,313.73940989797933,256.2101848276783,0.04206839800290938,0.022388761596913657
208,10.4,39.54070981210856,352.0301706641239,0.004395697384984615,585.0,32.0,313.8697735914452,256.5298229310708,0.04402492001145873,0.023440343480843305
209,10.45,39.634655532359076,352.1381130032375,0.004390804192052323,585.0,32.0,314.006568212753,256.8639823485557,0.04606915591660685,0.024540074606752647
210,10.5,39.72860125260961,352.2508780269589,0.0043856874811058644,585.0,32.0,314.15011650273567,257.2132804260926,0.04820472489008971,0.025690040767491214
211,10.55,39.822546972860124,352.368663138339,0.004380337620090623,585.0,32.0,314.3007577032018,257.57835663431797,0.05043536539456922,0.02689240673980413
212,10.6,39.91649269311065,352.4916720896633,0.0043747446171217225,585.0,32.0,314.4588483989113,257.9598729485469,0.05276493613591794,0.02814941817125846
213,10.65,40.01043841336117,352.6201150147713,0.004368898112403268,585.0,32.0,314.62476339837804,258.35851418854884,0.05519741667528787,0.029463403396371716
214,10.7,40.10438413361169,352.75420844115206,0.00436278737053212,585.0,32.0,314.79889665438486,258.77498831166537,0.05773690765818605,0.03083677516631556
215,10.75,40.19832985386221,352.8941752793851,0.004356401273262362,585.0,32.0,314.98166222495365,259.2100266522548,0.0603876306144939,0.03227203227508185
216,10.8,40.292275574112736,353.04024478732765,0.004349728312813425,585.0,32.0,315.1734952753325,259.6643840998526,0.06315392728024664,0.03377176106346213
217,10.85,40.38622129436325,353.19265250627194,0.004342756585812134,585.0,32.0,315.37485312133725,260.1388392077853,0.06604025838855933,0.03533863678055571
218,10.9,40.48016701461378,353.35164016611503,0.004335473787966518,585.0,32.0,315.58621631412933,260.63419422331935,0.06905120187371637,0.036975424780814954
219,10.95,40.5741127348643,353.51745555641486,0.004327867209577131,585.0,32.0,315.80808976618255,261.15127502972814,0.07219145042920026,0.03868498153286386
220,11.0,40.66805845511482,353.69035236002105,0.004319923731999804,585.0,32.0,316.0410039178336,261.690930989948,0.07546580835695589,0.04047025541448384
221,11.05,40.76200417536535,353.87058994580184,0.0043116298251822446,585.0,32.0,316.2855159433692,262.2540346807598,0.07887918764200658,0.04233428726625661
222,11.1,40.855949895615865,354.0584331168199,0.004302971546405477,585.0,32.0,316.54221099510187,262.8414815056844,0.08243660318335297,0.04428021067442082
223,11.15,40.94989561586639,354.2541518101587,0.0042939345403699945,585.0,32.0,316.8117034833042,263.4541891740304,0.08614316710921657,0.046311251951510896
224,11.2,41.04384133611691,354.4580207444512,0.0042845040407753065,585.0,32.0,317.09463838920703,264.0930970327727,0.09000408210186216,0.04843072978135716
225,11.25,41.13778705636743,354.67031901104394,0.004274664873550504,585.0,32.0,317.39169260750526,264.7591652372033,0.09402463365497316,0.05064205449302629
226,11.3,41.23173277661795,354.8913296046241,0.004264401461902163,585.0,32.0,317.70357631395706,265.4533737455712,0.09821018118455892,0.05294872692631882
227,11.35,41.32567849686848,355.12133888905703,0.004253697833354562,585.0,32.0,318.03103435269105,266.17672112223806,0.10256614791287251,0.05535433684950131
228,11.4,41.419624217118994,355.36063599414433,0.004242537628965309,585.0,32.0,318.3748476367515,266.9302231332471,0.10709800944407964,0.05786256088811949
229,11.45,41.513569937369525,355.6095121390022,0.004230904114907265,585.0,32.0,318.73583455419106,267.7149111176169,0.11181128095024817,0.0604771599219944
230,11.5,41.60751565762004,355.8682598778014,0.0042187801966146726,585.0,32.0,319.1148523706877,268.53183011720256,0.11671150288700331,0.06320197590592075
231,11.55,41.70146137787056,356.1371722637053,0.004206148435697607,585.0,32.0,319.51279861816306,269.3820367475771,0.12180422516000512,0.06604092806819208
232,11.6,41.79540709812109,356.416541926991,0.004192991069834027,585.0,32.0,319.93061245726443,270.26659679215123,0.12709498966619873,0.06899800843991945
233,11.65,41.889352818371606,356.70666006356623,0.0041792900358525115,585.0,32.0,320.36927599978776,271.1865825016698,0.13258931113812453,0.0720772766672516
234,11.7,41.98329853862213,357.00781533038867,0.0041650269962210905,585.0,32.0,320.8298155751981,272.1430695813291,0.1382926562251246,0.07528285405808711
235,11.75,42.07724425887265,357.320292644682,0.004150183369158054,585.0,32.0,321.31330292333155,273.1371338481041,0.14421042075263235,0.07861891681475516
236,11.8,42.17118997912317,357.6443718843237,0.004134740362578941,585.0,32.0,321.82085629314685,274.16984754147234,0.15034790510982543,0.08208968840452711
237,11.85,42.265135699373694,357.98032648736233,0.004118679012089838,585.0,32.0,322.3536414250495,275.2422752716251,0.15671028772697998,0.08569943102073165
238,11.9,42.35908141962422,358.32842194931806,0.004101980223230314,585.0,32.0,322.9128723918379,276.3554695904953,0.16330259661700766,0.0894524360887749
239,11.95,42.453027139874735,358.68891421773947,0.004084624818159275,585.0,32.0,323.49981227075875,277.51046617256964,0.17012967897122405,0.09335301377362937
240,12.0,42.546972860125265,359.062047984436,0.004066593586963686,585.0,32.0,324.1157736165049,278.7082785945026,0.17719616881726494,0.09740548144834398
241,12.05,42.64091858037578,359.44805487688615,0.004047867343752886,585.0,32.0,324.76211870230287,279.94989270508404,0.18450645276757624,0.10161415108700841
242,12.1,42.734864300626306,359.8471515515424,0.0040284269876797235,585.0,32.0,325.4402594935537,281.23626058016714,0.1920646339100001,0.10598331555042595
243,12.15,42.82881002087683,360.2595376931178,0.004008253569004053,585.0,32.0,326.15165731582846,282.5682940607544,0.19987449391782006,0.11051723373853278
244,12.2,42.92275574112735,360.6853939254539,0.003987328360283218,585.0,32.0,326.89782217649866,283.94685787666725,0.20793945348531986,0.11522011459053942
245,12.25,43.01670146137787,361.1248796412121,0.003965632932738458,585.0,32.0,327.6803116969072,285.3727623630431,0.21626253122599226,0.12009609992179977
246,12.3,43.110647181628394,361.5781307594267,0.003943149237804987,585.0,32.0,328.50072960988024,286.84675578240603,0.22484630120458862,0.12514924609566325
247,12.35,43.20459290187891,362.04525742187474,0.0039198596938267325,585.0,32.0,329.36072377561345,288.3695162712278,0.23369284931045523,0.1303835045390805
248,12.4,43.298538622129435,362.52634164124834,0.0038957472778043834,585.0,32.0,330.26198366765817,289.94164343674845,0.24280372871810468,0.1358027011224922
249,12.45,43.39248434237996,363.02143491624616,0.0038707956220473557,585.0,32.0,331.2062372799637,291.5636496373409,0.25217991472128864,0.14141051443757516
250,12.5,43.486430062630475,363.53055583091316,0.0038449891155164905,585.0,32.0,332.195247405861,293.23595098789303,0.2618217592687627,0.1472104530207612
251,12.55,43.580375782881006,364.0536876577996,0.0038183130095752645,585.0,32.0,333.23080724059855,294.9588581404363,0.271728945572383,0.15320583158595472
252,12.6,43.67432150313152,364.59077598677834,0.0037907535277929803,585.0,32.0,334.3147352607082,296.7325668995644,0.2819004432011192,0.15939974634657936
253,12.65,43.76826722338205,365.14172640359465,0.003762297979364427,585.0,32.0,335.44886933622524,298.5571487419333,0.2923344641169236,0.16579504952483373
254,12.7,43.86221294363257,365.7064022443734,0.0037329348756276978,585.0,32.0,336.6350600357391,300.4325413191786,0.30302842014908576,0.1723943231646448
255,12.75,43.95615866388309,366.28462245434525,0.0037026540490755163,585.0,32.0,337.87516308954906,302.35853903382684,0.3139788824423171,0.1791998523842123
256,12.8,44.05010438413361,366.87615958088134,0.003671446774167168,585.0,32.0,339.1710309829496,304.33478378795166,0.32518154344839845,0.18621359822387262
257,12.85,44.144050104384135,367.4807379325339,0.0036393058891586324,585.0,32.0,340.52450365997777,306.3607560143021,0.3366311820616831,0.19343717026512489
258,12.9,44.23799582463465,368.0980319370373,0.0036062259180794053,585.0,32.0,341.9373983278999,308.4357661090731,0.3483216325225581,0.20087179921668857
259,12.95,44.331941544885176,368.72766473212477,0.0035722031918973014,585.0,32.0,343.41149836434136,310.5589463941942,0.36024575773001605,0.2085183096830606
260,13.0,44.4258872651357,369.3692070234438,0.0035372359678289634,585.0,32.0,344.94854134226705,312.7292437446131,0.37239542761260996,0.21637709334981928
261,13.05,44.519832985386216,370.02217624376084,0.0035013245456756623,585.0,32.0,346.55020620298274,314.9454130222449,0.3847615032052822,0.2244480828374859
262,13.1,44.61377870563675,370.6860360469684,0.003464471379993522,585.0,32.0,348.2180996238404,317.2060114627123,0.3973338270667578,0.23273072649158713
263,13.15,44.707724425887264,371.36019616907083,0.003426681186846501,585.0,32.0,349.953741645233,319.5093941633123,0.410101220646865,0.24122396439022775
264,13.2,44.80167014613779,372.0440126863052,0.003387961043841337,585.0,32.0,351.7585506405653,321.85371082054115,0.4230514891748858,0.24992620586152242
265,13.25,44.89561586638831,372.7367886977687,0.003348320482109001,585.0,32.0,353.6338277328591,324.23690386256277,0.4361714345873012,0.2588353088110272
266,13.3,44.98956158663883,373.4377754564042,0.003307771568878257,585.0,32.0,355.58074078216134,326.6567081160141,0.44944687694665136,0.26794856116356747
267,13.35,45.08350730688935,374.1461739678832,0.0032663289792866073,585.0,32.0,357.6003080885238,329.1106521371646,0.4628626847215296,0.277262664723934
268,13.4,45.177453027139876,374.86113707186036,0.003224010056093468,585.0,32.0,359.6933819755182,331.5960613245413,0.4764028142018439,0.2867737217565167
269,13.45,45.27139874739039,375.5817720142884,0.003180834856001629,585.0,32.0,361.860632438475,334.1100629135606,0.4900503582138862,0.29647722457468906
270,13.5,45.36534446764092,376.30714351302754,0.003136826181357285,585.0,32.0,364.10253105929803,336.649592933465,0.5037876041775209,0.30636804841631704
271,13.55,45.45929018789144,377.0362773119409,0.0030920095960868706,585.0,32.0,366.4193354051381,339.2114051830031,0.5175961014144305,0.316440447862001
272,13.6,45.55323590814196,377.7681642111644,0.003046413424840941,585.0,32.0,368.8110741407942,341.7920822540758,0.5314567374742576,0.32668805702748527
273,13.65,45.64718162839249,378.50176455338175,0.00300006873445149,585.0,32.0,371.27753309376453,344.388048602274,0.545349823096678,0.3371038937310741
274,13.7,45.741127348643005,379.2360131378947,0.002953009296968443,585.0,32.0,373.81824251581634,346.99558563036544,0.5592551852751446,0.3476803678010731
275,13.75,45.83507306889353,379.96982452623627,0.0029052715337221364,585.0,32.0,376.43246578521024,349.61084871594244,0.5731522677357686,0.3584092936475879
276,13.8,45.92901878914405,380.70209869519385,0.0028568944400600258,585.0,32.0,379.1191897888466,352.22988607830496,0.587020237995521,0.3692819071777337
277,13.85,46.02296450939457,381.43172698562245,0.002807919490624052,585.0,32.0,381.87711721327673,354.8486593431131,0.6008381000221737,0.38028888708427616
278,13.9,46.11691022964509,382.1575982885151,0.002758390525267837,585.0,32.0,384.7046609575027,357.4630656272646,0.614584811387471,0.39142038048541594
279,13.95,46.21085594989562,382.8786054036813,0.0027083536159557314,585.0,32.0,387.59994085877986,360.0689609318606,0.628239403689189,0.4026660328388471
280,14.0,46.304801670146134,383.59365150122886,0.0026578569152346026,585.0,32.0,390.56078289536305,362.66218459899835,0.6417811049201055,0.41401502199728996
281,14.05,46.398747390396665,384.3016566120701,0.0026069504871196404,585.0,32.0,393.58472099763594,365.23858455951427,0.655189462386648,0.4254560962164225
282,14.1,46.49269311064718,385.00156407097245,0.0025556861214823317,585.0,32.0,396.66900156187876,367.7940430746136,0.6684444647288093,0.4369776158706527
283,14.15,46.5866388308977,385.69234683443,0.0025041171332666674,585.0,32.0,399.810590719785,370.3245026555057,0.6815266615693941,0.4485675985787023
284,14.2,46.68058455114823,386.37301359587303,0.0024522981480844105,585.0,32.0,403.00618437259135,372.8259918323916,0.6944172793252156,0.46021376739045744
285,14.25,46.774530271398746,387.0426146225352,0.0024002848759457325,585.0,32.0,406.2522209524317,375.2946504380894,0.707098331746974,0.47190360164036127
286,14.3,46.86847599164927,387.7002472416498,0.0023481338750638773,585.0,32.0,409.54489682638416,377.7267540725944,0.7195527238180565,0.4836243900316407
287,14.35,46.96242171189979,388.3450609084823,0.0022959023078275116,585.0,32.0,412.88018421186797,380.1187374231274,0.7317643477340618,0.49536328548082326
288,14.4,47.05636743215031,388.9762617949621,0.0022436476911575844,585.0,32.0,416.2538514268935,382.4672161297344,0.7437181698033178,0.5071073612243193
289,14.45,47.150313152400834,389.59311684517303,0.002191427643555004,585.0,32.0,419.66148525633565,384.7690069089059,0.7554003072506631,0.5188436676687338
290,14.5,47.24425887265136,390.1949572525752,0.0021392996311983,585.0,32.0,423.098515177133,387.02114567654974,0.7667980940698428,0.5305592894546909
291,14.55,47.338204592901874,390.78118132326904,0.002087320715465565,585.0,32.0,426.5602391521578,389.22090344615646,0.7779001352486353,0.5422414022005557
292,14.6,47.432150313152405,391.35125669974684,0.0020355473042322396,585.0,32.0,430.04185067536287,391.36579981733735,0.788696348882752,0.5538773283975471
293,14.65,47.52609603340292,391.90472193004,0.0019840349092360657,585.0,32.0,433.5384667304147,393.4536139128897,0.7991779958926949,0.5654545919412698
294,14.7,47.620041753653446,392.4411873777841,0.0019328379117039705,585.0,32.0,437.04515631191083,395.48239266808804,0.8093376972587698,0.5769609708064034
295,14.75,47.71398747390397,392.96033547917426,0.0018820093383060098,585.0,32.0,440.55696915263536,397.4504564226627,0.8191694388873656,0.5883845474004127
296,14.8,47.80793319415449,393.461920362864,0.0018316006493405666,585.0,32.0,444.068964302268,399.3564018127319,0.8286685644125128,0.5997137561683185
297,14.85,47.90187891440501,393.94576685827565,0.0017816615408678242,585.0,32.0,447.576238212219,401.1991020054763,0.837831756415046,0.6109374280626352
298,14.9,47.995824634655534,394.4117689264067,0.0017322397622986502,585.0,32.0,451.07395199743024,402.9777043625002,0.8466570067048712,0.6220448315397464
299,14.95,48.08977035490605,394.85988755479474,0.0016833809507183707,585.0,32.0,454.55735756842387,404.69162565753084,0.8551435764553419,0.6330257097951645
300,15.0,48.183716075156575,395.2901481647567,0.0016351284829846857,585.0,32.0,458.0218223547605,406.34054500949975,0.8632919471009834,0.6438703140040999
301,15.05,48.2776617954071,395.70263758419776,0.0015875233463910987,585.0,32.0,461.46285237347564,407.9243947223874,0.8711037630078782,0.6545694323894868
302,15.1,48.371607515657615,396.0975006431969,0.0015406040284366752,585.0,32.0,464.8761134319717,409.4433492480412,0.8785817670001124,0.6651144149959145
303,15.15,48.465553235908146,396.4749364521374,0.0014944064259949505,585.0,32.0,468.2574502931552,410.8978125071076,0.8857297298741869,0.6754971941036555
304,15.2,48.55949895615866,396.8351944234365,0.0014489637739337046,585.0,32.0,471.6029036702576,412.2884038161955,0.8925523750576526,0.6857103002711674
305,15.25,48.65344467640919,397.17857009796154,0.0014043065930070804,585.0,32.0,474.90872495873776,413.61594267646956,0.8990552995688561,0.6957468740461907
306,15.3,48.74739039665971,397.50540083611656,0.0013604626566266036,585.0,32.0,478.17138865188093,414.88143268029364,0.9052448924137859,0.7056006734338661
307,15.35,48.84133611691023,397.81606143141806,0.0013174569759199762,585.0,32.0,481.3876024244025,416.0860447887193,0.9111282515149967,0.715266077254729
308,15.4,48.93528183716075,398.11095970132925,0.0012753118023097318,585.0,32.0,484.5543149036553,417.2311002240595,0.9167131002098543,0.7247380845651635
309,15.45,49.029227557411275,398.3905321062966,0.0012340466466890271,585.0,32.0,487.66872118037855,418.31805320910803,0.92200770428288,0.7340123103476983
310,15.5,49.12317327766179,398.65523944349746,0.001193678314140462,585.0,32.0,490.7282661397724,419.34847376843857,0.9270207904129915,0.7430849777080509
311,15.55,49.217118997912316,398.9055626569184,0.001154220953036646,585.0,32.0,493.7306457187044,420.3240307883456,0.9317614668238348,0.751952906839916
312,15.6,49.31106471816284,399.1419988001946,0.0011156861172780925,585.0,32.0,496.67380621583504,421.2464755111042,0.9362391468271488,0.7606135010371764
313,15.65,49.405010438413356,399.3650571832788,0.0010780828403644286,585.0,32.0,499.55594179832406,422.1176256169826,0.9404634758475262,0.7690647300466101
314,15.7,49.49895615866389,399.57525572862346,0.00104141771995817,585.0,32.0,502.37549036157503,422.93935002453344,0.9444442624149845,0.7773051110624242
315,15.75,49.592901878914404,399.773117557266,0.0010056950115848815,585.0,32.0,505.1311279073392,423.7135545166925,0.948191413511494,0.7853336876674107
316,15.8,49.68684759916493,399.95916782009476,0.0009709167301176677,585.0,32.0,507.82176161068253,424.4421682776513,0.951714874560791,0.7931500070245986
317,15.85,49.78079331941545,400.13393078474513,0.0009370827577162842,585.0,32.0,510.4465217480771,425.1271314038135,0.9550245742593718,0.8007540956182458
318,15.9,49.87473903966597,400.29792718409516,0.000904190956928828,585.0,32.0,513.0047526576134,425.7703834317555,0.9581303743617162,0.8081464338345585
319,15.95,49.96868475991649,400.4516718282282,0.0008722372877156128,585.0,32.0,515.496002898376,426.37385290726417,0.9610420244551073,0.8153279296609088
320,16.0,50.062630480167016,400.59567147808576,0.0008412159272177689,585.0,32.0,517.920014769805,426.93944800246936,0.9637691216903986,0.8222998917681851
321,16.05,50.15657620041753,400.7304229758191,0.0008111193911652252,585.0,32.0,520.276713343786,427.4690481729215,0.9663210753741992,0.8290640022246942
322,16.1,50.25052192066806,400.8564116241006,0.0007819386558981364,585.0,32.0,522.5661951526342,427.9644968332785,0.9687070762759119,0.8356222890721954
323,16.15,50.34446764091858,400.97410980436473,0.0007536632800602677,585.0,32.0,524.7887166654706,428.4275950190801,0.9709360704596801,0.841977098975659
324,16.2,50.4384133611691,401.0839758220868,0.0007262815251105247,585.0,32.0,526.9446826740538,428.8600959928272,0.9730167374160145,0.8481310701386453
325,16.25,50.53235908141963,401.18645296577216,0.00069978047388816,585.0,32.0,529.0346346972558,429.2637007452205,0.9749574722407262,0.8540871056561125
326,16.3,50.626304801670145,401.2819687652679,0.0006741461465565394,585.0,32.0,531.059239501315,429.6400543367744,0.9767663715886696,0.8598483474563873
327,16.35,50.72025052192067,401.3709344343211,0.0006493636133382612,585.0,32.0,533.0192778210437,429.99074302103344,0.9784512231167868,0.8654181509642689
328,16.4,50.81419624217119,401.4537444819086,0.0006254171035402092,585.0,32.0,534.915633355455,430.3172920880543,0.9800194981233826,0.8708000605979596
329,16.45,50.90814196242171,401.5307764767726,0.00060229011044913,585.0,32.0,536.7492821000441,430.62116436559006,0.9814783470888515,0.8759977861940839
330,16.5,51.00208768267223,401.60239094973144,0.0005799654917564795,585.0,32.0,538.5212820672717,430.90375931529,0.9828345978256146,0.8810151804374914
331,16.55,51.09603340292276,401.6689314186769,0.000558425565244537,585.0,32.0,540.232763436809,431.1664126620839,0.984094755951524,0.8858562173560757
332,16.6,51.18997912317327,401.7307245216805,0.0005376521995338065,585.0,32.0,541.8849191678494,431.41039649657523,0.9852650074106619,0.890524971925556
333,16.65,51.2839248434238,401.78808024427536,0.0005176268997543701,585.0,32.0,543.4789960973333,431.6369197925725,0.986351222777653,0.8950256008150845
334,16.7,51.37787056367432,401.84129222774243,0.0004983308880607773,585.0,32.0,545.0162865402792,431.8471292847216,0.9873589630960561,0.8993623242917559
335,16.75,51.47181628392484,401.8906381460377,0.0004797451789612549,585.0,32.0,546.4981204015811,432.04211065438886,0.9882934870166981,0.9035394092905824
336,16.8,51.56576200417537,401.93638013988925,0.0004618506494776542,585.0,32.0,547.9258578025909,432.2228899754284,0.989159759018697,0.9075611536462457
337,16.85,51.659707724425886,401.9787652974898,0.0004446281041926452,585.0,32.0,549.3008822205403,432.39043537510065,0.9899624585129265,0.911431871473927
338,16.9,51.75365344467641,402.01802617212877,0.00042805833527536003,585.0,32.0,550.6245941343319,432.5456588691294,0.9907059896450433,0.9151558796787144
339,16.95,51.84759916492693,402.0543813280176,0.00041212217760653447,585.0,32.0,551.8984051663818,432.68941833360907,0.9913944916324514,0.9187374855663849
340,17.0,51.94154488517745,402.0880359064449,0.0003968005591490327,585.0,32.0,553.1237327070161,432.8225195801363,0.9920318494862704,0.9221809755227739
341,17.05,52.035490605427974,402.119182205265,0.000382074546730243,585.0,32.0,554.3019950053083,432.94571850411,0.9926217049858219,0.9254906047243111
342,17.1,52.1294363256785,402.1480002655397,0.00036792538741924974,585.0,32.0,555.4346067081893,433.0597232795548,0.9931674677885733,0.9286705878386209
343,17.15,52.22338204592902,402.17465845992217,0.00035433454569434983,585.0,32.0,556.5229748280751,433.16519657706175,0.993672326573093,0.9317250906712281
344,17.2,52.31732776617954,402.1993140781148,0.00034128373660582674,585.0,32.0,557.568495118109,433.26275778449815,0.9941392601265708,0.9346582227123196
345,17.25,52.41127348643006,402.22211390538405,0.00032875495514513156,585.0,32.0,558.5725488333468,433.3529852129543,0.9945710483008654,0.9374740305361055
346,17.3,52.505219206680586,402.2431947907612,0.00031673050203522214,585.0,32.0,559.5364998557721,433.4364182730351,0.9949702827732159,0.9401764920045134
347,17.35,52.5991649269311,402.262684202101,0.0003051930061579775,585.0,32.0,560.4616921608823,433.5135596089775,0.995339377558063,0.9427695112266907
348,17.4,52.693110647181626,402.2807007657055,0.00029412544383377573,585.0,32.0,561.3494476036739,433.58487718027396,0.9956805792265658,0.9452569142259762
349,17.45,52.78705636743215,402.29735478866445,0.0002835111551656953,585.0,32.0,562.2010640021559,433.65080628242583,0.9959959767988015,0.9476424452665857
350,17.5,52.881002087682674,402.312748762501,0.0002733338576566532,585.0,32.0,563.0178134969894,433.7117515002344,0.9962875112819148,0.9499297637932007
351,17.55,52.97494780793319,402.3269778470472,0.00026357765730245197,585.0,32.0,563.8009411664548,433.76808858856657,0.9965569848338653,0.9521224419378364
352,17.6,53.068893528183715,402.3401303338275,0.0002542270573572943,585.0,32.0,564.5516638766677,433.820166276941,0.99680606953908,0.9542239625498181
353,17.65,53.16283924843424,402.3522880884858,0.00024526696496114105,585.0,32.0,565.2711693477636,433.8683079954617,0.9970363157872395,0.9562377177063018
354,17.7,53.25678496868476,402.36352697204984,0.0002366826958104284,585.0,32.0,565.9606154176361,433.91281352068427,0.997249160251275,0.9581670076625431
355,17.75,53.35073068893528,402.3739172410282,0.00022845997704539313,585.0,32.0,566.6211294857201,433.95396054089224,0.9974459334644937,0.9600150402029793
356,17.8,53.4446764091858,402.38352392651336,0.00022058494851861908,585.0,32.0,567.2538081202466,433.99200614102506,0.9976278670001154,0.9617849303561273
357,17.85,53.53862212943633,402.3924071926129,0.00021304416260063498,585.0,32.0,567.8597168133404,434.0271882081443,0.9977961002593236,0.963479700438275
358,17.9,53.63256784968685,402.40062267465026,0.00020582458266948578,585.0,32.0,568.4398898692831,434.0597267588546,0.9979516868761861,0.965102280392946
359,17.95,53.72651356993737,402.40822179768196,0.00019891358042235292,585.0,32.0,568.9953304121992,434.08982519053836,0.9980956007498022,0.9666555083951048
360,18.0,53.82045929018789,402.41525207594424,0.0001922989321385071,585.0,32.0,569.5270105003463,434.11767145860347,0.9982287417152931,0.9681421316910475
361,18.05,53.914405010438415,402.42175739392013,0.0001859688140142781,585.0,32.0,570.0358713350877,434.1434391822289,0.9983519408667098,0.9695648076468547
362,18.1,54.00835073068893,402.4277782697409,0.00017991179668230866,585.0,32.0,570.522823553495,434.1672886812856,0.9984659655453881,0.9709261049801725
363,18.15,54.102296450939455,402.4333521016924,0.00017411683901923726,585.0,32.0,570.9887475943622,434.1893679472771,0.9985715240083423,0.972228505151919
364,18.2,54.19624217118998,402.43851339858753,0.00016857328133811043,585.0,32.0,571.4344941282142,434.20981355122063,0.9986692697911078,0.9734744038962697
365,18.25,54.2901878914405,402.4432939948014,0.00016327083805429027,585.0,32.0,571.8608845426539,434.22875149146745,0.9987598057801247,0.9746661128689741
366,18.3,54.38413361169102,402.4477232507515,0.00015819958990645898,585.0,32.0,572.2687114751149,434.2462979844682,0.9988436880094759,0.975805861395662
367,18.35,54.478079331941544,402.4518282395955,0.00015334997580748245,585.0,32.0,572.6587393857664,434.26256020147395,0.998921429196614,0.9768957983033398
368,18.4,54.57202505219207,402.4556339209266,0.0001487127843934396,585.0,32.0,573.0317051639657,434.27763695414717,0.998993502031837,0.9779379938197209
369,18.45,54.66597077244259,402.45916330220194,0.00014427914533300714,585.0,32.0,573.3883187622497,434.2916193319733,0.9990603422354617,0.9789344415264171
370,18.5,54.75991649269311,402.4624375886441,0.00014004052045366323,585.0,32.0,573.729263852423,434.3045912943139,0.9991223513966837,0.9798870603532993
371,18.55,54.85386221294363,402.4654763223126,0.0001359886947357789,585.0,32.0,574.0551984988299,434.3166302198381,0.9991798996073523,0.980797696602549
372,18.6,54.947807933194156,402.46829751102774,0.00013211576722064393,585.0,32.0,574.3667558443801,434.32780741598276,0.9992333279035521,0.9816681259920537
373,18.65,55.04175365344467,402.4709177477983,0.00012841414187377033,585.0,32.0,574.6645448053558,434.3381885909844,0.9992829505273562,0.9825000557088542
374,18.7,55.135699373695196,402.4733523213689,0.00012487651844046339,585.0,32.0,574.949150771446,434.3478342909101,0.9993290570203934,0.9832951264643274
375,18.75,55.22964509394572,402.475615318487,0.00012149588332660528,585.0,32.0,575.2211363078428,434.3568003040149,0.9993719141606034,0.9840549145437053
376,18.8,55.323590814196244,402.4777197184426,0.0001182655005338479,585.0,32.0,575.4810418565884,434.365138034623,0.9994117677526544,0.9847809338433638
377,18.85,55.41753653444676,402.47967748042583,0.00011517890267496897,585.0,32.0,575.7293864346931,434.37289484863453,0.9994488442823346,0.9854746378900965
378,18.9,55.511482254697285,402.4814996241883,0.00011222988209196304,585.0,32.0,575.9666683268414,434.3801143926203,0.999483352444138,0.9861374218372971
379,18.95,55.60542797494781,402.4831963044992,0.00010941248209652896,585.0,32.0,576.1933657707809,434.38683688838375,0.9995154845513311,0.9867706244336362
380,19.0,55.69937369519833,402.48477687983075,0.00010672098834993735,585.0,32.0,576.4099376337382,434.39309940473737,0.9995454178367323,0.9873755299604106
381,19.05,55.79331941544885,402.4862499756963,0.0001041499203968296,585.0,32.0,576.6168240784345,434.39893610814477,0.9995733156522217,0.9879533701342982
382,19.1,55.88726513569937,402.48762354303466,0.00010169402336527111,585.0,32.0,576.8144472174841,434.4043784937786,0.9995993285744381,0.9885053259727465
383,19.15,55.9812108559499,402.48890491200495,9.93482598433659e-05,585.0,32.0,577.003211755141,434.40945559843874,0.9996235954235572,0.9890325296196818
384,19.2,56.07515657620041,402.4901008415366,9.710780194090087e-05,585.0,32.0,577.1835056155356,434.4141941966858,0.99964624420168,0.9895360661296301
385,19.25,56.16910229645094,402.4912175649568,9.496802354283661e-05,585.0,32.0,577.3557005566944,434.41861898145623,0.9996673929569359,0.9900169752087243
386,19.3,56.26304801670146,402.49226083198744,9.292449275996778e-05,585.0,32.0,577.5201527697719,434.4227527303309,0.9996871505788311,0.9904762529113965
387,19.35,56.356993736951985,402.4932359473997,9.09729645807281e-05,585.0,32.0,577.6772034630534,434.42661645856333,0.9997056175302955,0.990914853291863
388,19.4,56.4509394572025,402.49414780657355,8.910937372691753e-05,585.0,32.0,577.8271794303904,434.43022955987794,0.9997228865211194,0.9913336900097798
389,19.45,56.544885177453025,402.49500092821006,8.732982771504984e-05,585.0,32.0,577.9703936038402,434.4336099359929,0.9997390431274625,0.9917336378896854
390,19.5,56.63883089770355,402.49579948441493,8.563060012406571e-05,585.0,32.0,578.1071455903574,434.43677411574333,0.9997541663615862,0.9921155344340618
391,19.55,56.73277661795407,402.49654732835734,8.40081240693038e-05,585.0,32.0,578.237722192474,434.43973736461766,0.999768329195661,0.9924801812900419
392,19.6,56.82672233820459,402.4972480197055,8.245898588187848e-05,585.0,32.0,578.3623979129674,434.4425137854729,0.9997815990434719,0.9928283456699507
393,19.65,56.920668058455114,402.4979048480017,8.097991899195178e-05,585.0,32.0,578.4814354435771,434.44511641111364,0.9997940382030976,0.9931607617260231
394,19.7,57.01461377870564,402.4985208541492,7.956779801381603e-05,585.0,32.0,578.5950861378873,434.4475572893901,0.9998057042638373,0.9934781318797642
395,19.75,57.10855949895616,402.49909885016086,7.821963303020148e-05,585.0,32.0,578.7035904685347,434.44984756141184,0.9998166504802132,0.9937811281065341
396,19.8,57.20250521920668,402.49964143730796,7.693256407279668e-05,585.0,32.0,578.8071784689436,434.4519975334275,0.9998269261156763,0.9940703931760368
397,19.85,57.2964509394572,402.50015102279593,7.570385579560023e-05,585.0,32.0,578.9060701598235,434.45401674287774,0.9998365767584159,0.994346541849468
398,19.9,57.390396659707726,402.5006298350894,7.453089233741395e-05,585.0,32.0,579.0004759606941,434.4559140190953,0.9998456446115879,0.9946101620341553
399,19.95,57.48434237995824,402.5010799379944,7.341117236952506e-05,585.0,32.0,579.090597086727,434.4576975390834,0.9998541687600081,0.9948618158965779
400,20.0,57.578288100208766,402.501503243597,7.234230432441398e-05,585.0,32.0,579.176625931214,434.45937487877006,0.9998621854151857,0.9951020409346998
401,20.05,57.67223382045929,402.50190152415456,7.132200180115305e-05,585.0,32.0,579.2587464339877,434.46095306010864,0.9998697281405214,0.995331351010595
402,20.1,57.766179540709814,402.50227642302156,7.034807914302313e-05,585.0,32.0,579.337134436137,434.46243859436134,0.9998768280582274,0.995550237344364
403,20.15,57.86012526096033,402.502629464692,6.941844718277778e-05,585.0,32.0,579.4119580213643,434.46383752187745,0.9998835140395086,0.9957591694703742
404,20.2,57.954070981210855,402.50296206402857,6.853110915090968e-05,585.0,32.0,579.4833778443458,434.46515544865315,0.9998898128793466,0.9959585961568652
405,20.25,58.04801670146138,402.50327553474204,6.768415674223124e-05,585.0,32.0,579.551547446457,434.4663975799325,0.9998957494570877,0.9961489462899739
406,20.3,58.1419624217119,402.5035710971941,6.68757663360561e-05,585.0,32.0,579.6166135592314,434.46756875110236,0.9999013468842107,0.9963306297232368
407,20.35,58.23590814196242,402.5038498855617,6.610419536526975e-05,585.0,32.0,579.6787163959193,434.46867345608865,0.9999066266400107,0.9965040380936327
408,20.4,58.32985386221294,402.5041129544305,6.536777882959228e-05,585.0,32.0,579.7379899315181,434.46971587347065,0.9999116086964643,0.9966695456052158
409,20.45,58.42379958246347,402.50436128485626,6.466492594837008e-05,585.0,32.0,579.7945621716377,434.47069989049527,0.999916311633021,0.9968275097813908
410,20.5,58.51774530271398,402.50459578993855,6.399411694827826e-05,585.0,32.0,579.8485554105679,434.4716291251643,0.999920752742164,0.9969782721868691
411,20.55,58.61169102296451,402.5048173199536,6.335389998137503e-05,585.0,32.0,579.900086478906,434.47250694655725,0.999924948126612,0.9971221591203254
412,20.6,58.70563674321503,402.50502666706916,6.274288816901794e-05,585.0,32.0,579.9492669811023,434.4733364935246,0.9999289127886141,0.9972594822787714
413,20.65,58.799582463465555,402.50522456969014,6.21597567672278e-05,585.0,32.0,579.9962035232712,434.4741206918976,0.999932660712245,0.9973905393946295
414,20.7,58.89352818371607,402.5054117164567,6.160324044917239e-05,585.0,32.0,580.0409979316141,434.4748622703287,0.9999362049391246,0.997515614846489
415,20.75,58.987473903966595,402.50558874992527,6.107213070053174e-05,585.0,32.0,580.0837474617887,434.47556377487626,0.9999395576381287,0.997634980244489
416,20.8,59.08141962421712,402.5057562699585,6.0565273323603375e-05,585.0,32.0,580.1245449995558,434.47622758243733,0.9999427301695895,0.9977488949912643
417,20.85,59.17536534446764,402.5059148368497,6.0081566046104936e-05,585.0,32.0,580.1634792530263,434.47685591312376,0.9999457331444644,0.99785760681936
418,20.9,59.26931106471816,402.50606497420114,5.961995623073519e-05,585.0,32.0,580.2006349368208,434.4774508416666,0.9999485764788508,0.9979613523060006
419,20.95,59.363256784968684,402.50620717157585,5.9179438681659504e-05,585.0,32.0,580.2360929484496,434.4780143079268,0.9999512694442007,0.9980603573660771
420,21.0,59.45720250521921,402.5063418869467,5.875905354419325e-05,585.0,32.0,580.2699305372089,434.4785481265912,0.9999538207137055,0.9981548377241865
421,21.05,59.55114822546973,402.50646954895024,5.835788429406365e-05,585.0,32.0,580.3022214658852,434.47905399611096,0.9999562384049793,0.9982449993665395
422,21.1,59.64509394572025,402.5065905589711,5.7975055812740334e-05,585.0,32.0,580.333036165545,434.4795335069537,0.999958530119533,0.9983310389735244
423,21.15,59.73903966597077,402.506705293063,5.760973254543223e-05,585.0,32.0,580.3624418836862,434.4799881492178,0.9999607029791561,0.9984131443336924
424,21.2,59.832985386221296,402.50681410372374,5.726111673845757e-05,585.0,32.0,580.390502826011,434.48041931966407,0.999962763659528,0.9984914947399035
425,21.25,59.92693110647181,402.5069173215338,5.692844675279993e-05,585.0,32.0,580.4172802920779,434.4808283282108,0.9999647184212567,0.9985662613683496
426,21.3,60.020876826722336,402.50701525667233,5.661099545077025e-05,585.0,32.0,580.4428328050786,434.4812164039368,0.9999665731385823,0.9986376076411481
427,21.35,60.11482254697286,402.5071082003172,5.630806865279943e-05,585.0,32.0,580.4672162359799,434.4815847006301,0.9999683333258965,0.9987056895731727
428,21.4,60.208768267223384,402.5071964259397,5.6019003661488776e-05,585.0,32.0,580.4904839222572,434.4819343019194,0.9999700041622593,0.9987706561037702
429,21.45,60.3027139874739,402.50728019050337,5.5743167850147435e-05,585.0,32.0,580.5126867814467,434.48226622602266,0.9999715905141028,0.998832649413981
430,21.5,60.396659707724424,402.507359735573,5.54799573131451e-05,585.0,32.0,580.5338734197268,434.4825814301421,0.9999730969562345,0.9988918052298692
431,21.55,60.49060542797495,402.5074352883432,5.5228795575505635e-05,585.0,32.0,580.5540902357365,434.48288081453575,0.9999745277913153,0.9989482531125384
432,21.6,60.58455114822547,402.5075070625868,5.4989132359261855e-05,585.0,32.0,580.5733815198315,434.4831652262854,0.9999758870678243,0.9990021167353887
433,21.65,60.67849686847599,402.50757525954134,5.4760442404184925e-05,585.0,32.0,580.5917895489661,434.4834354627961,0.999977178596841,0.9990535141491554
434,21.7,60.77244258872651,402.50764006872424,5.454222434059159e-05,585.0,32.0,580.6093546773884,434.4836922750345,0.9999784059674887,0.9991025580352416
435,21.75,60.86638830897704,402.5077016686918,5.4333999612020765e-05,585.0,32.0,580.6261154233251,434.4839363705371,0.9999795725613064,0.9991493559478443
436,21.8,60.96033402922755,402.50776022774585,5.413531144565579e-05,585.0,32.0,580.6421085518259,434.484168416203,0.9999806815656304,0.9991940105453483
437,21.85,61.05427974947808,402.5078159045857,5.394572386845179e-05,585.0,32.0,580.6573691539318,434.48438904088516,0.9999817359859444,0.9992366198114496
438,21.9,61.1482254697286,402.50786884891806,5.376482076700818e-05,585.0,32.0,580.6719307223254,434.48459883780083,0.999982738657427,0.9992772772664454
439,21.95,61.242171189979125,402.50791920202033,5.359220498930329e-05,585.0,32.0,580.685825223614,434.4847983667693,0.9999836922556207,0.9993160721691179
440,22.0,61.33611691022964,402.50796709726853,5.3427497486484396e-05,585.0,32.0,580.6990831673897,434.4849881562973,0.99998459930643,0.9993530897096129
441,22.05,61.430062630480165,402.50801266062444,5.327033649297854e-05,585.0,32.0,580.7117336722084,434.4851687055156,0.9999854621953471,0.9993884111937089
442,22.1,61.52400835073069,402.50805601109283,5.3120376743260286e-05,585.0,32.0,580.7238045286182,434.4853404859854,0.9999862831761107,0.9994221142188463
443,22.15,61.61795407098121,402.508097261144,5.297728872368029e-05,585.0,32.0,580.7353222593687,434.4855039433782,0.9999870643787075,0.9994542728422756
444,22.2,61.71189979123173,402.5081365171113,5.284075795782434e-05,585.0,32.0,580.7463121769217,434.48565949904514,0.9999878078169044,0.9994849577416723
445,22.25,61.805845511482254,402.5081738795594,5.271048432393557e-05,585.0,32.0,580.7567984383834,434.4858075514777,0.9999885153952146,0.9995142363685435
446,22.3,61.89979123173278,402.5082094436264,5.258618140299386e-05,585.0,32.0,580.766804097968,434.4859484776695,0.9999891889153854,0.999542173094745
447,22.35,61.9937369519833,402.50824329934824,5.2467575856104627e-05,585.0,32.0,580.776351157106,434.48608263439274,0.9999898300825374,0.9995688293524124
448,22.4,62.08768267223382,402.5082755319575,5.23544068299064e-05,585.0,32.0,580.7854606122954,434.4862103593857,0.9999904405108246,0.9995942637675931
449,22.45,62.18162839248434,402.50830622216216,5.224642538876043e-05,585.0,32.0,580.7941525007999,434.48633197246255,0.9999910217287119,0.9996185322878604
450,22.5,62.275574112734866,402.50833544641176,5.214339397253841e-05,585.0,32.0,580.8024459442861,434.4864477765562,0.999991575184018,0.9996416883041739
451,22.55,62.36951983298538,402.5083632771385,5.2045085878874305e-05,585.0,32.0,580.8103591904929,434.4865580586863,0.9999921022484802,0.9996637827672429
452,22.6,62.463465553235906,402.5083897829892,5.1951284768795016e-05,585.0,32.0,580.8179096530197,434.48666309087116,0.9999926042221455,0.9996848642986327
453,22.65,62.55741127348643,402.50841502903995,5.186178419469098e-05,585.0,32.0,580.8251139493161,434.4867631309801,0.9999930823374418,0.9997049792968539
454,22.7,62.651356993736954,402.5084390769977,5.177638714963229e-05,585.0,32.0,580.8319879369552,434.48685842353103,0.9999935377629877,0.9997241720386507
455,22.75,62.74530271398747,402.5084619853892,5.1694905637079154e-05,585.0,32.0,580.8385467482647,434.4869492004395,0.9999939716071751,0.9997424847757084
456,22.8,62.839248434237994,402.50848380973673,5.161716026007617e-05,585.0,32.0,580.8448048233902,434.487035681719,0.9999943849214982,0.9997599578269795
457,22.85,62.93319415448852,402.5085046027265,5.154297982906002e-05,585.0,32.0,580.8507759418616,434.4871180761422,0.9999947787037393,0.9997766296668295
458,22.9,63.02713987473904,402.50852441436297,5.1472200987447345e-05,585.0,32.0,580.8564732527273,434.48719658185706,0.9999951539008954,0.9997925370091831
459,22.95,63.12108559498956,402.50854329211705,5.1404667854206506e-05,585.0,32.0,580.8619093033225,434.4872713869696,0.9999955114119798,0.9998077148878572
460,23.0,63.21503131524008,402.5085612810627,5.134023168265128e-05,585.0,32.0,580.8670960667314,434.4873426700887,0.9999958520906138,0.9998221967332442
461,23.05,63.30897703549061,402.5085784240058,5.127875053472842e-05,585.0,32.0,580.8720449680034,434.48741060083836,0.9999961767474635,0.9998360144455157
462,23.1,63.40292275574112,402.50859476160787,5.122008897010239e-05,585.0,32.0,580.8767669091773,434.4874753403427,0.9999964861525867,0.9998491984645
463,23.15,63.49686847599165,402.50861033249925,5.116411774937179e-05,585.0,32.0,580.8812722931689,434.48753704167876,0.9999967810375734,0.9998617778363834
464,23.2,63.59081419624217,402.5086251733881,5.1110713550781074e-05,585.0,32.0,580.8855710465723,434.48759585030473,0.999997062097611,0.9998737802773779
465,23.25,63.684759916492695,402.5086393191614,5.10597586998193e-05,585.0,32.0,580.8896726414246,434.4876519044629,0.9999973299933954,0.9998852322344935
466,23.3,63.77870563674321,402.5086528029799,5.101114091112455e-05,585.0,32.0,580.8935861159787,434.48770533555796,0.9999975853529345,0.9998961589435442
467,23.35,63.872651356993735,402.50866565637045,5.096475304213864e-05,585.0,32.0,580.8973200945325,434.48775626851693,0.9999978287732892,0.999906584484514
468,23.4,63.96659707724426,402.5086779093105,5.092049285798109e-05,585.0,32.0,580.9008828063528,434.487804822126,0.9999980608221795,0.9999165318343999
469,23.45,64.06054279749478,402.5086895903062,5.0878262807035265e-05,585.0,32.0,580.9042821037399,434.4878511093468,0.9999982820394604,0.9999260229176489
470,23.5,64.1544885177453,402.5087007264713,5.083796980676187e-05,585.0,32.0,580.9075254792657,434.48789523761974,0.9999984929386202,0.9999350786542958
471,23.55,64.24843423799582,402.5087113435976,5.079952503927702e-05,585.0,32.0,580.9106200822291,434.4879373091469,0.9999986940081075,0.999943719005906
472,23.6,64.34237995824634,402.5087214662227,5.0762843756252244e-05,585.0,32.0,580.9135727343587,434.4879774211596,0.9999988857126216,0.999951963019424
473,23.65,64.43632567849687,402.50873111769295,5.072784509271415e-05,585.0,32.0,580.9163899448008,434.48801566617146,0.9999990684943009,0.9999598288690218
474,23.7,64.53027139874739,402.50874032022483,5.0694451889339946e-05,585.0,32.0,580.9190779244226,434.4880521322183,0.9999992427738861,0.9999673338960364
475,23.75,64.6242171189979,402.5087490949631,5.0662590522863367e-05,585.0,32.0,580.921642599463,434.48808690308516,0.9999994089518212,0.9999744946470865
476,23.8,64.71816283924844,402.50875746203127,5.06321907442227e-05,585.0,32.0,580.9240896245607,434.48812005851767,0.9999995674092098,0.9999813269104479
477,23.85,64.81210855949895,402.5087654405874,5.060318552409938e-05,585.0,32.0,580.9264243951865,434.4881516744284,0.9999997185088716,0.9999878457507685
478,23.9,64.90605427974947,402.5087730488689,5.057551090551108e-05,585.0,32.0,580.9286520595084,434.4881818230857,0.9999998625961897,0.9999940655421972
479,23.95,65.0,402.5087803042393,5.054910586313873e-05,585.0,32.0,580.930777529715,434.4882105732958,1.0,1.0
